{
    "Simple": {
        "LLM": {
            "gpt-4o": {
                "cfr": 1,
                "ast": [
                    10,
                    3.12,
                    2.55,
                    3.82,
                    9.57
                ],
                "iar": 0.0,
                "latency": [
                    0.4372174666690019,
                    0.4806476000004396,
                    0.4008034888894245,
                    0.531457422223563,
                    0.5571526333353378
                ]
            },
            "gpt-4o-mini": {
                "cfr": 0,
                "ast": [
                    2.55,
                    2.55,
                    2.55,
                    2.55,
                    2.55
                ],
                "iar": 0.0,
                "latency": [
                    0.5204862222243618,
                    0.5007465666696791,
                    0.49136793333390316,
                    0.5277539333360942,
                    0.6053069111140859
                ]
            }
        },
        "APEX": {
            "gpt-4o": {
                "cfr": 5,
                "ast": [
                    10,
                    10,
                    10,
                    10,
                    10
                ],
                "iar": 0.0,
                "latency": [
                    0.5232942272692029,
                    0.9958562799991342,
                    0.5517893199983519,
                    0.6577985888903236,
                    0.7427373100043042
                ]
            },
            "gpt-4o-mini": {
                "cfr": 5,
                "ast": [
                    10,
                    10,
                    10,
                    10,
                    10
                ],
                "iar": 0.0,
                "latency": [
                    0.699114039997221,
                    0.6000074888838248,
                    0.6417076499987161,
                    0.5993175400042674,
                    0.6918917666739112
                ]
            }
        },
        "VLM": {
            "gpt-4o": {
                "cfr": 1,
                "ast": [
                    6.69,
                    2.55,
                    10,
                    8.6,
                    2.55
                ],
                "iar": 0.0,
                "latency": [
                    1.543473977779892,
                    1.6016027222245208,
                    1.4055290111056011,
                    1.480325722219681,
                    1.4581478444516607
                ]
            }
        }
    },
    "Medium": {
        "LLM": {
            "gpt-4o": {
                "cfr": 1,
                "ast": [
                    1.86,
                    2.53,
                    3.51,
                    2.53,
                    10
                ],
                "iar": 0.0,
                "latency": [
                    0.45177568889468805,
                    1.1656956222238175,
                    1.7983416444427955,
                    1.166011544442477,
                    1.4638200999923154
                ]
            },
            "gpt-4o-mini": {
                "cfr": 0,
                "ast": [
                    1.86,
                    1.86,
                    1.86,
                    1.86,
                    1.86
                ],
                "iar": 0.0,
                "latency": [
                    0.488225966662867,
                    0.6224704666658201,
                    0.5198539555486705,
                    1.1606711111154355,
                    0.5981815000058204
                ]
            }
        },
        "APEX": {
            "gpt-4o": {
                "cfr": 5,
                "ast": [
                    10,
                    10,
                    10,
                    10,
                    10
                ],
                "iar": 0.0,
                "latency": [
                    0.5843060444458388,
                    0.5257244300039019,
                    0.916260469998815,
                    2.1908544000034453,
                    1.9143894099950558
                ]
            },
            "gpt-4o-mini": {
                "cfr": 1,
                "ast": [
                    4.41,
                    4.41,
                    5.31,
                    10,
                    2.22
                ],
                "iar": 0.0,
                "latency": [
                    0.6367290444549225,
                    0.534090811111835,
                    0.5916571000028247,
                    0.6816892222139157,
                    0.6714036444447831
                ]
            }
        },
        "VLM": {
            "gpt-4o": {
                "cfr": 0,
                "ast": [
                    1.86,
                    5.29,
                    4.03,
                    3.96,
                    1.86
                ],
                "iar": 0.15555555555555556,
                "latency": [
                    1.5189527222246397,
                    1.3724780777766783,
                    1.1783230555560698,
                    1.2802660555591703,
                    0.554819266664304
                ]
            }
        }
    },
    "Hard": {
        "LLM": {
            "gpt-4o": {
                "cfr": 0,
                "ast": [
                    1.66,
                    1.66,
                    1.66,
                    1.66,
                    1.66
                ],
                "iar": 0.0,
                "latency": [
                    1.4475394000021171,
                    1.691837366673604,
                    1.8853077888876821,
                    1.4633201888904699,
                    1.7042302666620042
                ]
            },
            "gpt-4o-mini": {
                "cfr": 0,
                "ast": [
                    2.24,
                    2.24,
                    2.24,
                    2.24,
                    2.24
                ],
                "iar": 0.0,
                "latency": [
                    0.5291160777786799,
                    0.4856907111081657,
                    0.6282325777768468,
                    0.5792085222201422,
                    0.6107129777697587
                ]
            }
        },
        "APEX": {
            "gpt-4o": {
                "cfr": 2,
                "ast": [
                    4.3,
                    10,
                    10,
                    4.3,
                    4.4
                ],
                "iar": 0.0,
                "latency": [
                    0.650582888891222,
                    0.5177764888859302,
                    1.6229403111113545,
                    2.2272248444431977,
                    2.217095366662963
                ]
            },
            "gpt-4o-mini": {
                "cfr": 0,
                "ast": [
                    7.77,
                    7.47,
                    7.47,
                    7.47,
                    7.47
                ],
                "iar": 0.0,
                "latency": [
                    0.5765001399937318,
                    0.5897566444408666,
                    0.6059374888815606,
                    0.8176457333320286,
                    0.6284197333314094
                ]
            }
        },
        "VLM": {
            "gpt-4o": {
                "cfr": 0,
                "ast": [
                    2.24,
                    2.24,
                    2.14,
                    2.24,
                    1.66
                ],
                "iar": 0.15555555555555553,
                "latency": [
                    1.3637027777731419,
                    1.2580947888846923,
                    1.644512644445058,
                    1.485519688883667,
                    1.3714805666628915
                ]
            }
        }
    }
}