{
    "Simple": {
        "LLM": {
            "gpt-4o": {
                "cfr": 1,
                "ast": [
                    4.28,
                    10,
                    2.55,
                    9.89,
                    2.55
                ],
                "iar": 0.0,
                "latency": [
                    0.8112148333327949,
                    0.7763367666646244,
                    0.7290948111120896,
                    0.7012109666660157,
                    0.7330366888887107
                ]
            },
            "gpt-4o-mini": {
                "cfr": 0,
                "ast": [
                    2.55,
                    2.55,
                    2.55,
                    2.55,
                    2.55
                ],
                "iar": 0.0,
                "latency": [
                    0.8659784333326065,
                    0.7789776222238692,
                    0.7268945000000208,
                    0.9180417888888365,
                    0.9351168555569731
                ]
            }
        },
        "APEX": {
            "gpt-4o": {
                "cfr": 5,
                "ast": [
                    10,
                    10,
                    10,
                    10,
                    10
                ],
                "iar": 0.0,
                "latency": [
                    0.8107607090906558,
                    0.9868119222220331,
                    0.8129754636359973,
                    0.7816379999995762,
                    0.7970442666668937
                ]
            },
            "gpt-4o-mini": {
                "cfr": 5,
                "ast": [
                    10,
                    10,
                    10,
                    10,
                    10
                ],
                "iar": 0.0,
                "latency": [
                    0.8024233600008301,
                    0.8101335999977891,
                    0.8433436599989363,
                    0.8040624000002734,
                    0.8612165600003209
                ]
            }
        },
        "VLM": {
            "gpt-4o": {
                "cfr": 0,
                "ast": [
                    7.42,
                    6.69,
                    2.55,
                    6.69,
                    2.55
                ],
                "iar": 0.06666666666666665,
                "latency": [
                    1.0867214111114865,
                    1.441798488889213,
                    1.3729050888885266,
                    1.608694800000295,
                    1.3809619000005315
                ]
            }
        }
    },
    "Medium": {
        "LLM": {
            "gpt-4o": {
                "cfr": 0,
                "ast": [
                    2.53,
                    6.61,
                    1.86,
                    2.53,
                    2.22
                ],
                "iar": 0.0,
                "latency": [
                    0.9240603111118415,
                    0.9805749888885961,
                    0.8609922333319749,
                    0.8326668444448538,
                    1.0365023888880387
                ]
            },
            "gpt-4o-mini": {
                "cfr": 0,
                "ast": [
                    1.86,
                    1.86,
                    1.86,
                    1.86,
                    1.86
                ],
                "iar": 0.0,
                "latency": [
                    0.9433053444437165,
                    0.8823255111112505,
                    0.762861122221188,
                    0.7465942333348923,
                    0.7732028666667046
                ]
            }
        },
        "APEX": {
            "gpt-4o": {
                "cfr": 5,
                "ast": [
                    10,
                    10,
                    10,
                    10,
                    10
                ],
                "iar": 0.0,
                "latency": [
                    1.0433425000010175,
                    0.9138683222214846,
                    0.9624158333325694,
                    0.9057242636355857,
                    1.552042611111473
                ]
            },
            "gpt-4o-mini": {
                "cfr": 3,
                "ast": [
                    4.56,
                    10,
                    10,
                    10,
                    8.63
                ],
                "iar": 0.0,
                "latency": [
                    0.7310786333336081,
                    0.8123758333353585,
                    0.7223878000012418,
                    0.7450120666665802,
                    0.7581212222236596
                ]
            }
        },
        "VLM": {
            "gpt-4o": {
                "cfr": 0,
                "ast": [
                    1.86,
                    1.86,
                    3.96,
                    4.01,
                    4.02
                ],
                "iar": 0.04444444444444444,
                "latency": [
                    1.3711710666668497,
                    1.5708154999997026,
                    1.557165088887915,
                    1.2258159777783375,
                    1.7679381444460078
                ]
            }
        }
    },
    "Hard": {
        "LLM": {
            "gpt-4o": {
                "cfr": 0,
                "ast": [
                    1.66,
                    1.66,
                    1.66,
                    1.66,
                    1.66
                ],
                "iar": 0.0,
                "latency": [
                    0.817344744443997,
                    1.6108663888905237,
                    1.6591048555565067,
                    1.7100719666648527,
                    1.6975290222205028
                ]
            },
            "gpt-4o-mini": {
                "cfr": 0,
                "ast": [
                    2.24,
                    2.24,
                    2.24,
                    2.24,
                    2.24
                ],
                "iar": 0.0,
                "latency": [
                    0.9417714999993526,
                    0.7340514111112699,
                    0.7262068888893636,
                    0.7187448888887755,
                    0.7578411999994488
                ]
            }
        },
        "APEX": {
            "gpt-4o": {
                "cfr": 3,
                "ast": [
                    6.04,
                    10,
                    10,
                    4.3,
                    10
                ],
                "iar": 0.0,
                "latency": [
                    0.8575481700005184,
                    0.9475631666654307,
                    0.8580353999997088,
                    1.656535055556257,
                    2.2324175555566197
                ]
            },
            "gpt-4o-mini": {
                "cfr": 1,
                "ast": [
                    10,
                    7.77,
                    4.3,
                    7.77,
                    4.45
                ],
                "iar": 0.0,
                "latency": [
                    0.8293157888878745,
                    1.109676579999359,
                    0.8888977333343873,
                    0.7807183299999452,
                    0.9386651111110242
                ]
            }
        },
        "VLM": {
            "gpt-4o": {
                "cfr": 0,
                "ast": [
                    2.24,
                    2.14,
                    3.55,
                    2.24,
                    2.24
                ],
                "iar": 0.06666666666666665,