{
    "1": {
        "Hard": {
            "APEX": {
                "gpt-4o": {
                    "cfr": 0,
                    "ast": [
                        7.64,
                        4.3,
                        4.3,
                        4.3,
                        4.3
                    ],
                    "iar": 0.0,
                    "latency": [
                        0.9277230699997745,
                        0.4614002111112414,
                        0.5396638111107879,
                        0.5435302888896937,
                        2.2277957555545274
                    ]
                },
                "gpt-4o-mini": {
                    "cfr": 0,
                    "ast": [
                        6.73,
                        6.73,
                        7.47,
                        7.47,
                        7.47
                    ],
                    "iar": 0.0,
                    "latency": [
                        0.8224897333331884,
                        0.7452636777783886,
                        0.678432922221772,
                        0.7760907444446477,
                        0.6729210333327905
                    ]
                }
            }
        }
    },
    "2": {
        "Hard": {
            "APEX": {
                "gpt-4o": {
                    "cfr": 2,
                    "ast": [
                        4.3,
                        4.3,
                        4.3,
                        10,
                        10
                    ],
                    "iar": 0.0,
                    "latency": [
                        0.5092244999994162,
                        0.5629954000000402,
                        0.7743380888884227,
                        2.200478722222518,
                        2.2070230555562174
                    ]
                },
                "gpt-4o-mini": {
                    "cfr": 0,
                    "ast": [
                        7.77,
                        4.3,
                        7.77,
                        4.3,
                        7.77
                    ],
                    "iar": 0.0,
                    "latency": [
                        0.6251432999990356,
                        0.8490901666664286,
                        0.65306677999979,
                        0.6593276666681049,
                        0.8762790699998732
                    ]
                }
            }
        }
    },
    "4": {
        "Hard": {
            "APEX": {
                "gpt-4o": {
                    "cfr": 1,
                    "ast": [
                        4.3,
                        4.3,
                        10,
                        4.3,
                        5.02
                    ],
                    "iar": 0.0,
                    "latency": [
                        0.4950733499979833,
                        0.5056956444435249,
                        0.9880377444448337,
                        2.257053300001846,
                        2.2196538555557104
                    ]
                },
                "gpt-4o-mini": {
                    "cfr": 0,
                    "ast": [
                        7.47,
                        7.77,
                        7.47,
                        7.47,
                        7.47
                    ],
                    "iar": 0.0,
                    "latency": [
                        0.7491332111110549,
                        0.8198205600012443,
                        0.7108521444444906,
                        0.6873601999994006,
                        0.7327613333335548
                    ]
                }
            }
        }
    }
}