{
    "gat": {
        "Hard": {
            "APEX": {
                "gpt-4o": {
                    "cfr": 0,
                    "ast": [
                        5.23,
                        5.23,
                        4.63,
                        4.63,
                        5.23
                    ],
                    "iar": 0.0,
                    "latency": [
                        0.5539240833337923,
                        0.5727762666647322,
                        0.5922146000011708,
                        0.7912006333329676,
                        0.5693811428573099
                    ]
                },
                "gpt-4o-mini": {
                    "cfr": 0,
                    "ast": [
                        2.29,
                        2.29,
                        2.29,
                        5.08,
                        2.29
                    ],
                    "iar": 0.0,
                    "latency": [
                        1.0820493142850214,
                        0.8394128166655719,
                        0.658692185712945,
                        0.7095506333328861,
                        1.134231099999202
                    ]
                }
            }
        }
    },
    "gcn": {
        "Hard": {
            "APEX": {
                "gpt-4o": {
                    "cfr": 0,
                    "ast": [
                        4.63,
                        4.63,
                        4.63,
                        4.63,
                        7.8
                    ],
                    "iar": 0.0,
                    "latency": [
                        0.5338086499987185,
                        0.5275623624993386,
                        0.5014692250015287,
                        0.5573131750015818,
                        1.3733424333339725
                    ]
                },
                "gpt-4o-mini": {
                    "cfr": 0,
                    "ast": [
                        7.47,
                        7.77,
                        7.77,
                        4.63,
                        7.77
                    ],
                    "iar": 0.0,
                    "latency": [
                        0.6899942777793816,
                        1.126913362501,
                        0.7524350875009986,
                        0.8087858875005622,
                        0.8672876999999062
                    ]
                }
            }
        }
    },
    "graphormer": {
        "Hard": {
            "APEX": {
                "gpt-4o": {
                    "cfr": 1,
                    "ast": [
                        4.3,
                        4.3,
                        4.3,
                        4.3,
                        10
                    ],
                    "iar": 0.0,
                    "latency": [
                        0.6744149799997103,
                        0.7055499666667957,
                        0.978404033334098,
                        1.8976506999994551,
                        1.956095344444394
                    ]
                },
                "gpt-4o-mini": {
                    "cfr": 0,
                    "ast": [
                        7.47,
                        7.47,
                        7.77,
                        7.77,
                        7.47
                    ],
                    "iar": 0.0,
                    "latency": [
                        0.9398214111101374,
                        0.6609450666672072,
                        0.7512660399996094,
                        0.7501379399996949,
                        0.6986482777784759
                    ]
                }
            }
        }
    }
}