{
  "gpt-4.1": {
    "final_score": [
      0,
      0,
      0,
      0,
      0
    ],
    "max_stack_height": [
      9,
      17,
      14,
      11,
      12
    ],
    "holes": [
      16,
      22,
      26,
      41,
      17
    ],
    "bumps": [
      16,
      42,
      26,
      14,
      32
    ],
    "height_delta_per_move": [
      9.0,
      17.0,
      14.0,
      11.0,
      12.0
    ],
    "resp_time": [
      1.2530797481536866,
      1.2714996576309203,
      1.0920299530029296,
      1.0167171001434325,
      1.1785059213638305
    ]
  },
  "claude-sonnet-4-20250514": {
    "final_score": [
      0,
      0,
      0,
      0,
      0
    ],
    "max_stack_height": [
      9,
      14,
      14,
      10,
      14
    ],
    "holes": [
      17,
      14,
      28,
      19,
      34
    ],
    "bumps": [
      9,
      34,
      25,
      14,
      26
    ],
    "height_delta_per_move": [
      9.0,
      14.0,
      14.0,
      10.0,
      14.0
    ],
    "resp_time": [
      1.7626718044281007,
      1.5572840452194214,
      1.7162400245666505,
      1.7298176527023315,
      1.9155348062515258
    ]
  },
  "gemini-2.5-flash": {
    "final_score": [
      0,
      0,
      0,
      0,
      0
    ],
    "max_stack_height": [
      10,
      13,
      10,
      12,
      9
    ],
    "holes": [
      22,
      26,
      10,
      31,
      27
    ],
    "bumps": [
      16,
      23,
      12,
      16,
      12
    ],
    "height_delta_per_move": [
      10.0,
      13.0,
      10.0,
      12.0,
      9.0
    ],
    "resp_time": [
      39.27035508155823,
      48.6209450006485,
      48.37116482257843,
      61.36378083229065,
      39.82243211269379
    ]
  },
  "meta-llama/llama-4-scout": {
    "final_score": [
      0,
      0,
      0,
      0,
      0
    ],
    "max_stack_height": [
      17,
      20,
      17,
      16,
      18
    ],
    "holes": [
      28,
      58,
      33,
      25,
      30
    ],
    "bumps": [
      34,
      40,
      34,
      32,
      36
    ],
    "height_delta_per_move": [
      17.0,
      20.0,
      17.0,
      16.0,
      18.0
    ],
    "resp_time": [
      0.8017415761947632,
      1.0613778962029352,
      0.9324183225631714,
      0.9002398729324341,
      0.7622900485992432
    ]
  }
}