{
  "gemini-2.5-flash": {
    "final_score": [
      0,
      0,
      0,
      0,
      0
    ],
    "max_stack_height": [
      9,
      12,
      15,
      18,
      18
    ],
    "holes": [
      19,
      11,
      14,
      44,
      16
    ],
    "bumps": [
      19,
      21,
      36,
      36,
      36
    ],
    "height_delta_per_move": [
      9.0,
      12.0,
      15.0,
      18.0,
      18.0
    ],
    "resp_time": [
      19.44747006893158,
      28.982482886314394,
      5.3140441417694095,
      6.780286073684692,
      0.10123908519744873
    ]
  }
}