{
  "gpt-4.1": {
    "final_score": [
      0,
      0,
      0,
      0,
      0
    ],
    "max_stack_height": [
      11,
      14,
      19,
      15,
      16
    ],
    "holes": [
      32,
      21,
      38,
      72,
      29
    ],
    "bumps": [
      22,
      28,
      38,
      17,
      32
    ],
    "height_delta_per_move": [
      11.0,
      14.0,
      19.0,
      15.0,
      16.0
    ],
    "resp_time": [
      0.9547124862670898,
      0.7635862350463867,
      0.6292807161808014,
      0.8532978057861328,
      0.6878403902053833
    ]
  },
  "claude-sonnet-4-20250514": {
    "final_score": [
      0,
      0,
      100,
      0,
      0
    ],
    "max_stack_height": [
      15,
      15,
      13,
      14,
      15
    ],
    "holes": [
      42,
      40,
      24,
      42,
      34
    ],
    "bumps": [
      15,
      15,
      25,
      15,
      19
    ],
    "height_delta_per_move": [
      15.0,
      15.0,
      13.0,
      14.0,
      15.0
    ],
    "resp_time": [
      1.568541169166565,
      1.5407671928405762,
      1.639449167251587,
      1.4900153636932374,
      1.547787857055664
    ]
  },
  "gemini-2.5-flash": {
    "final_score": [
      0,
      100,
      0,
      0,
      0
    ],
    "max_stack_height": [
      10,
      6,
      10,
      13,
      7
    ],
    "holes": [
      11,
      12,
      15,
      25,
      8
    ],
    "bumps": [
      11,
      7,
      12,
      24,
      14
    ],
    "height_delta_per_move": [
      10.0,
      6.0,
      10.0,
      13.0,
      7.0
    ],
    "resp_time": [
      77.78974533081055,
      78.5743215560913,
      85.64787759780884,
      99.03459751605988,
      85.90756731033325
    ]
  },
  "meta-llama/llama-4-scout": {
    "final_score": [
      0,
      0,
      0,
      0,
      0
    ],
    "max_stack_height": [
      17,
      17,
      17,
      17,
      17
    ],
    "holes": [
      37,
      27,
      33,
      39,
      25
    ],
    "bumps": [
      31,
      33,
      34,
      20,
      33
    ],
    "height_delta_per_move": [
      17.0,
      17.0,
      17.0,
      17.0,
      17.0
    ],
    "resp_time": [
      0.7485400915145874,
      0.8779405355453491,
      0.8557324647903443,
      0.8718303680419922,
      0.9068353414535523
    ]
  }
}